text,true_emotion,predicted_emotion
@LiamCannon1 He's just too raging to type properly... Ha ha!,anger,anger
"@TrevorHMoore @paget_old In Scotland, the right-wingers are the most rabid anti-nationalists. Socialists are mostly in favour.",anger,anger
"@HomeSwapperteam  Spent months arranging swap , new jobs etc, now I've found out she's been leading me on a merry dance. #fuming with her",anger,anger
Sting is just too damn earnest for early morning listening. ,anger,anger
"Taking umbrage because Jimmy Carr claimed that Bilbo Baggins went to Mordor on 8 out of 10 cats does Countdown. Know your Baggins', mate.",anger,anger
I wouldn't have #anger issues.....if she didn't have #lying issues.....think about that one. #pow #lies #confusion,anger,anger
My eyes have been dilated. I hate the world right now with the rage of a thousand fiery dragons. I need a drink.,anger,anger
"@marcavis @AntisocialJW2 I've always been fiery, but never radical.",anger,anger
"Why to have vanity sizes?Now sizes S,XS(evenXXS sometimes) are too big, WTF?! Dear corporate jerks, Lithuania didn't need this. #rant ",anger,anger
@RealJamesWoods @KennyCoble saddest part of this whole mess is that all of this #anger is #misdirected they should march 2 the #WhiteHouse,anger,anger
Hate when guys cant control their anger üôÉüôÉ,anger,anger
"Kik to trade, have fun or a conversation  (kik: youraffair) #kik #kikme #messageme #textme #pics #trade #tradepics #dm  #bored",anger,joy
#oow16 #sting decent new song,anger,joy
"@FluDino Event started! everyone is getting ready to travel to the lake of rage, where everything glows",anger,joy
"I miss my gran singing Rawhide, in her deep baritone growl.",anger,sadness
Sorry guys I have absolutely no idea what time i'll be on cam tomorrow but will keep you posted. ,anger,sadness
Sometimes I get mad over something so minuscule I try to ruin somebodies life not like lose your job like get you into federal prison #anger,anger,anger
Literally fuming fuck sake,anger,anger
"@MaddenFreestyle i turn the game on wanting to play madden, and before i load up a game i just turn it off now.",anger,sadness
If I spend even 5 minutes with you and you already irritate me I seriously will bitch you out until you shut up,anger,anger
Trying to book holiday flights on @britishairways website is becoming a #nightmare,fear,fear
@joey_coops yes Hun! Avoid at all costs!! #nightmare,fear,anger
@hollywooddivas @TMZ_Sports Idiots like Larry Sanders scare us All!How can Morons these days Rush 2 Judge #Police w/o all facts yet?FU thugs,fear,anger
Staff on @ryainair FR1005. Asked for info and told to look online. You get what you pay for. #Ryanair @STN_Airport #Compensation ,fear,anger
"#twitter #users Tweeting on twitter is like playing a game against the computer. Where's the life, Everyone too #afraid to say something?",fear,fear
Thanks for ripping me off again #Luthansa ‚Ç¨400 not enough for a one way flight to man from Frk then ‚Ç¨30 for a bag then free at gate ,fear,anger
The moment you bring her to meet your best friend and you're nervous af! üò¨üòÜ #nervous #thefriendtest,fear,fear
I know this is going to be one of those nights where it takes an Act of God to fall asleep. ,fear,sadness
"Gahh...BT, in queue for 30 minutes.. Now put through to BT Sport dept to cancel... back in a queue again... #shocking",fear,anger
"If i start growing out my mustache now, I can be Pablo Escobar for Halloween!!!",fear,joy
"it's horrible cos no one can relate,  everyone is happy and dandy in one way or another",fear,sadness
T5ylw ansh a79l shy 7lw mn wayed nas fe whatsapp,fear,joy
If my concerns &amp; anxiety don't matter to you then I shall return the favor. #EyeMatter,fear,anger
Okay. Brace yourself. I will attempt my first loaf of bread in the morning. I will use a dutch oven. I will make the dough now. ,fear,fear
It really is amazing the money they give to some of these QB's #nfl #texans #brock ,fear,joy
And I cried in front of my guy last night. And it's just been a horrible week but it's only for a week,fear,sadness
Trying to book holiday flights on @britishairways website is becoming a ,fear,anger
@Evan_McMullin @TheBlazeRadio Classic SHITLIB bullshit. Create a horrible problem and then 'discuss' how to solve it. What a PIMP.,fear,anger
You want  bad service use #frontier they have #terrible service. Go to #AT&amp;T anybody is better. I am going to complain to better business,fear,anger
"@madhav_pastey moral of the story, never check mails in the night. PS. Most notices have nothing much to worry about. @ashwinikn",fear,fear
The smell of freshly cut grass didn't even cheer me up...boy oh boy,joy,sadness
Nawaz Sharif is getting more funnier than @kapilsharmak9 day by day.  #challenge #kashmir #baloch,joy,joy
"If you don't respond to an email within 7 fays, you wifl be killed by an animated gif of the girl from The Ring.",joy,fear
@GigaFag @pipertownsend_ snapchat new would beg to differ ,joy,joy
@MichiganBromo Good optimism sir :),joy,joy
"A cheerful heart is good medicine, but a broken spirit saps a person's strength.' {Proverbs 17:22} #WednesdayWisdom",joy,joy
@kwelbyroberts they will come and you will rejoice at their arrival.,joy,joy
"Ready for that nice, breezy, calm, sunshine weather.üçÇüçÅ #Autumn",joy,joy
@harrietemmett great minds think alike. ,joy,joy
Each day is what you make of it! #goals #challenges #business #goals   #success #photographer #photography #ThursdayThoughts,joy,joy
"When we give cheerfully and accept gratefully, everyone is blessed. ¬ªMaya Angelou",joy,joy
Heather that was #hilarious! @MsHeatherBates @pattonoswalt @chrishansen #AnthonyWeiner #15gets20 #NYC,joy,joy
"@len_snart Mick nods. 'I would like that.' He went back to his food, smiling as he finished it.",joy,joy
"...at your age, the heyday in the blood is tame...' @TheArtofCharm #shakespeareaninsults #hamlet #elizabethan #williamshakespeare",joy,anger
Each day is what you make of it! #goals #challenges #business #goals #optimism #happy #success #photographer #photography #ThursdayThoughts,joy,joy
"@PhilGlutting Hey There Phil Glutting thank you for following us, it's appreciated :) #smile",joy,joy
Google caffeine-an sprightly lengthening into the corridor re seo: WgJ,joy,joy
Somebody who has braved the storm is brewing. ,joy,sadness
@MacDsmash you should get some @SSB_Swedish delight,joy,joy
I hate it when im singing and some idiot thinks they can just join in with me like...this is not fcking glee #MeanRikonaBot,joy,anger
This world has some serious issues we should all go to therapy,sadness,sadness
amateur author Twitter might be the most depressing thing I've ever seen,sadness,sadness
Soooo badly want to dye my hair dark but have never been dark before soooo torn üò≠üò≠üò≠,sadness,fear
"@DxfyingGrxvity - frustration, looking up at Elphaba in a frown of aggravation. Her high pitched voice was growing more and more --",sadness,anger
"@kempicepoland don't think he did, and he didn't have the rucksack or laptop in his possession, murky business, on that note I'm away to bed",sadness,sadness
aaahhhh! a little @OtisRedding to soothe the soul. #music ,sadness,joy
Chalk dance notation entree manchester inasmuch as corinthian products that discourage drag branding: ARwuEVfqv,sadness,sadness
@kayleighmcenany  @DonaldJTrumpJr Is that really all you can offer for those who sacrifice daily to keep you safe...? @kayleighmcenany ,sadness,anger
"@LeePorter94 @DomMcGovern_ hi Dom I saw u at Notts county away, looking for 1 mufc away ticket will pay #blues",sadness,sadness
Rooney is 5 yards off the pace in a League Cup game against Northampton Town. Let that sink in for a moment. #MUFC,sadness,sadness
Remembering those day when u still did'nt know kpop n thinking about how sad your life was without it - Kpop fan,sadness,joy
Buddha doesn't possess enough power to deliver you from your affliction!,sadness,anger
"Don't be disheartened if you didn't get the cards you wanted, it's not the end of the world......E-Eh...? Y-You want me to cheer you up?",sadness,sadness
"I'd rather laugh with the rarest genius, in beautiful alliance with his own being, where he kept his sadness. #melancholy",sadness,sadness
Should of stayed in Dubai üòû,sadness,sadness
im thoroughly in love w zen and jumin and i dont think id even have the patience for either of them irl im old and weary,sadness,sadness
HATE that there's ads for #depression &amp; #mentalhealth #meds. That's ONLY something your doctor can determine. Everyone is different. #ssri,sadness,anger
"Hello my dear friends, I will be back online this Friday night. I miss you! #sober #sobriety #recovery",sadness,joy
"A pessimist is someone who, when opportunity knocks, complains about the noise #mikeshumor",sadness,joy
It feel like we lost a family memberüôÑüòÇ,sadness,joy
